,winner,score_h,score_a,looser,score
0,Spain,0,2,Belgium,0.7526052523463418
1,Brazil,0,1,Peru,0.8426248352881565
2,England,1,1,Russia,0.7982160257238451
3,England,2,1,Russia,0.8359824823916664
4,Argentina,3,1,Russia,0.8008859764434946
5,Brazil,0,1,Senegal,0.8124263543090195
6,Spain,3,4,Brazil,0.7383781758205009
7,Spain,1,2,Argentina,0.8112997562288269
8,South Korea,0,0,Poland,0.7357082251008515
9,France,3,1,Poland,0.8058342452345291
10,England,1,2,Belgium,0.8464716279099981
11,Belgium,0,0,Switzerland,0.8228233861536853
12,France,4,2,Switzerland,0.8392869108992449
13,England,1,0,Switzerland,0.8573942759282605
14,Belgium,1,1,Panama,0.7203210546134848
15,France,1,0,Panama,0.7970559317623195
16,Brazil,1,1,Belgium,0.7861416577143903
17,Belgium,2,0,Belgium,0.7910229347427586
18,Uruguay,2,3,Serbia,0.7734998036796725
19,Portugal,0,2,France,0.7329042908558698
20,Morocco,0,1,Uruguay,0.7828790990584782
21,Belgium,0,1,Senegal,0.7762116242509883
22,Switzerland,1,0,Senegal,0.8606735825248393
23,Switzerland,1,4,Morocco,0.7411737360951494
24,Serbia,3,2,Morocco,0.8212130417515624
25,Spain,0,1,Sweden,0.8349145021038067
26,Mexico,3,1,Sweden,0.8343470160785437
27,Brazil,1,1,Portugal,0.8124263543090195
28,Brazil,1,1,Switzerland,0.7444027988697285
29,Belgium,1,1,Switzerland,0.8272209168601233
30,Belgium,2,0,Switzerland,0.797606669846916
31,Belgium,1,1,France,0.7822529952408823
32,Germany,0,2,Switzerland,0.8162731469308612
33,Belgium,2,0,Switzerland,0.8464465059989983
34,Belgium,2,4,England,0.8047160211246698
35,France,2,0,England,0.7202959327024852
36,Switzerland,2,1,England,0.8168322589857908
37,Croatia,1,0,England,0.8425829654364901
38,Switzerland,2,0,England,0.8047411430356695
39,Portugal,1,0,England,0.7701535053204278
40,Switzerland,4,2,England,0.762476668017411
41,Belgium,1,0,England,0.8058342452345291
42,Spain,1,2,France,0.8102066540299673
43,England,2,1,France,0.7263289297220459
44,Argentina,1,0,France,0.8189682195615104
45,France,1,1,Russia,0.760832827733955
46,Belgium,0,0,France,0.8014869583500905
47,France,1,0,France,0.7751520179334619
48,Mexico,4,1,France,0.8162815209011944
49,Switzerland,1,3,Brazil,0.7602988375900251
50,Uruguay,0,1,Switzerland,0.7833544714100752
51,Uruguay,1,2,Peru,0.7559180548242537
52,Brazil,1,0,Peru,0.8864829067678713
53,Portugal,1,0,Peru,0.7636200140382701
54,Spain,1,0,Peru,0.7899214585735659
55,France,4,0,Peru,0.7910145607724254
56,Serbia,3,1,Peru,0.8382105566410518
57,Argentina,2,4,Sweden,0.7515623939694818
58,Croatia,1,3,Brazil,0.6983585229922944
59,Sweden,3,2,Brazil,0.8392869108992449
60,Portugal,1,1,France,0.8409223772123676
61,England,0,1,Belgium,0.8546489594756117
62,Senegal,0,1,France,0.8310425875709653
63,Switzerland,0,1,Germany,0.7624934159580776
64,Belgium,2,0,Germany,0.8573859019579273
65,England,1,0,Germany,0.8250765823140706
66,Sweden,3,2,Germany,0.7570530268747795
67,Croatia,0,2,Portugal,0.7746096538191987
68,Portugal,0,1,England,0.8787809475538548
69,Spain,1,2,England,0.8486243364263841
70,Switzerland,0,1,France,0.8563095476997342
71,Portugal,1,0,France,0.8107992619662301
72,Spain,0,2,Belgium,0.7542993364517974
73,Switzerland,0,2,Uruguay,0.8239751061448777
74,Argentina,1,3,Peru,0.8601395923809093
75,Serbia,0,1,Iran,0.8667400754257331
76,Belgium,0,4,Nigeria,0.8381770607597188
77,Belgium,1,1,France,0.8129519704826161
78,France,6,2,France,0.7685766567996379
79,Croatia,0,1,Argentina,0.8167820151637912
80,Nigeria,2,2,South Korea,0.8075283293399846
81,Iceland,1,0,South Korea,0.8453450298298055
82,Spain,1,2,Brazil,0.7948529794239338
83,France,1,0,Brazil,0.7932342610514777
84,Argentina,3,3,Croatia,0.7860914138923907
85,France,1,1,Spain,0.879323311668118
86,Portugal,1,2,Argentina,0.7405392583072203
87,Brazil,1,1,Portugal,0.796538689559056
88,Brazil,1,1,Belgium,0.7855490497781277
89,Spain,0,1,Portugal,0.8332455399093509
90,Switzerland,1,1,Croatia,0.7224988850408708
91,England,1,4,Iran,0.7850150596341977
92,Spain,1,1,Russia,0.8359992303323329
93,Brazil,2,0,Russia,0.7542909624814641
94,Russia,1,0,Russia,0.8080623194839145
95,England,2,1,Russia,0.8387612947256482
96,Belgium,2,0,Russia,0.7383530539095011
97,Brazil,2,2,Belgium,0.794318989280004
98,England,1,2,Belgium,0.7866337780066539
99,Portugal,2,3,Argentina,0.8069273474333886
100,Spain,0,0,Sweden,0.8370923325311925
101,Belgium,2,0,Sweden,0.8349061281334733
102,Switzerland,2,1,Sweden,0.7806007809870932
103,France,1,0,Sweden,0.8365248465059296
104,Brazil,1,1,France,0.772440197362146
105,Belgium,4,0,France,0.8733070625892236
106,Portugal,1,1,Peru,0.8184509773582471
107,Belgium,0,2,Iran,0.7762283721916549
108,Spain,0,0,England,0.7844810694902677
109,Switzerland,2,4,Belgium,0.7883027402011097
110,Brazil,1,0,Belgium,0.894159744070888
111,Brazil,2,4,Belgium,0.8146041847364054
112,Switzerland,2,0,Belgium,0.8277884028853864
113,England,1,1,Serbia,0.8398627708948411
114,France,2,2,Morocco,0.7614505575812176
115,France,3,3,England,0.8398209010431748
116,England,1,1,Croatia,0.8173829970703872
117,England,2,3,Belgium,0.8217302839548257
118,Peru,0,1,Iran,0.8107741400552302
119,Australia,1,1,Russia,0.840363265157438
120,Argentina,0,2,Iran,0.8557755575558044
121,Belgium,2,1,Iran,0.8431169555804201
122,Russia,2,3,Brazil,0.8250179645217377
123,Brazil,2,3,Croatia,0.7954120914788635
124,Portugal,0,0,Spain,0.8244839743778077
125,France,4,0,Spain,0.77079635707869
126,Germany,2,0,Spain,0.768518039007305
127,Portugal,1,1,Iceland,0.8003519862995647
128,Belgium,2,0,Iceland,0.853580979187752
129,Senegal,1,2,Peru,0.789988450336232
130,Peru,2,1,Peru,0.8113081301991601
131,Argentina,0,4,Russia,0.8146293066474052
132,Uruguay,3,4,Belgium,0.8256440683393335
133,Spain,2,3,Switzerland,0.8316016996258949
134,Spain,0,2,France,0.7778973343861106
135,France,4,2,France,0.7981406599908458
136,Peru,2,1,France,0.8201534354340358
137,Spain,1,1,England,0.7784313245300405
138,Peru,2,0,England,0.8475228602571914
139,Brazil,0,2,Nigeria,0.7646796203557966
140,Brazil,0,3,Iran,0.7290323763230284
141,Portugal,0,3,Belgium,0.7339890190843962
142,England,1,2,Belgium,0.8316016996258949
143,Germany,2,2,Poland,0.7745929058785321
144,France,0,0,Serbia,0.8530302411031554
145,Costa Rica,2,3,Brazil,0.7723983275104798
146,Nigeria,0,2,Argentina,0.7625436597800771
147,Iran,3,1,Argentina,0.7981909038128454
148,Brazil,1,2,Switzerland,0.741699352268746
149,Nigeria,1,5,England,0.8491750745109806
150,France,1,0,England,0.851369652879033
151,Portugal,3,4,Spain,0.7893623465186361
152,Portugal,4,1,Spain,0.8508189147944365
153,Portugal,0,1,France,0.7131530855433983
154,South Korea,2,1,France,0.800894350413828
155,Spain,1,3,France,0.842040601322227
156,Japan,0,1,Portugal,0.7597815953867617
157,Spain,0,4,England,0.7861165358033905
158,Switzerland,0,3,Iran,0.7998012482149683
159,Argentina,1,0,Iran,0.7778889604157773
160,Brazil,4,2,Iran,0.8206455557262995
161,Switzerland,0,1,Portugal,0.6544250857795801
162,England,3,2,Portugal,0.7406146240402196
163,France,3,1,Portugal,0.7477239753179734
164,France,1,1,Spain,0.7284983861790986
165,Belgium,0,1,South Korea,0.831101205363298
166,Argentina,5,2,South Korea,0.7927002709075477
167,Portugal,1,0,South Korea,0.8541149693316819
168,Sweden,2,3,Portugal,0.8025716865786169
169,Brazil,1,1,Belgium,0.848081972312121
170,Portugal,2,0,Belgium,0.7433180706412021
171,Belgium,0,1,Uruguay,0.7635613962459373
172,Tunisia,3,2,Uruguay,0.7602904636196919
173,France,1,1,England,0.80311405069288
174,England,1,4,France,0.7949032232459334
175,Argentina,4,2,France,0.7751520179334619
176,France,2,2,Morocco,0.7301422264625546
177,Spain,0,2,Belgium,0.7186939622706955
178,Switzerland,1,1,Spain,0.7828456031771451
179,Argentina,4,3,Spain,0.7449367890136585
180,Belgium,0,1,South Korea,0.723041249155134
181,Germany,0,1,Morocco,0.8223061439504219
182,Peru,0,0,Sweden,0.7367427095073782
183,Argentina,1,3,England,0.8102485238816336
184,Iceland,3,1,England,0.8173578751593875
185,Belgium,6,1,England,0.8667233274850665
186,Belgium,1,1,South Korea,0.825059834373404
187,Belgium,1,1,France,0.8096810378563707
188,Nigeria,0,2,Argentina,0.8052667592092662
189,France,4,0,Argentina,0.7575618951077097
190,Russia,2,0,Argentina,0.7564520449681835
191,France,0,0,Switzerland,0.8053170030312656
192,England,1,0,Switzerland,0.8765947431561356
193,France,1,0,Switzerland,0.8606903304655057
194,Peru,2,1,Switzerland,0.7702037491424273
195,Senegal,2,1,Switzerland,0.8085628137465113
196,Belgium,3,1,Switzerland,0.8475228602571914
197,Spain,1,4,Croatia,0.7789736886443037
198,Belgium,1,1,England,0.7433348185818687
199,Sweden,3,1,England,0.7707796091380236
200,Peru,0,1,Brazil,0.8475228602571914
201,France,2,0,Brazil,0.8299746072831053
202,Brazil,5,3,Brazil,0.7904721966581623
203,Belgium,2,0,Brazil,0.7767958582169179
204,Nigeria,2,0,Brazil,0.8376514445861222
205,England,1,0,Brazil,0.8096642899157042
206,Spain,1,1,Poland,0.7433431925522019
207,Belgium,0,0,Senegal,0.7608998194966211
208,England,2,0,Senegal,0.8376430706157889
209,Portugal,1,1,Croatia,0.6961220747725758
210,Spain,0,4,England,0.8020293224643537
211,Brazil,0,1,Belgium,0.8573942759282605
212,Sweden,3,1,Belgium,0.8135697003298787
213,England,2,1,Belgium,0.7570111570231132
214,Peru,2,0,Belgium,0.7652554803513929
215,England,4,0,Belgium,0.823382498208615
216,Spain,1,0,Belgium,0.8025800605489501
217,Japan,0,3,Brazil,0.7888786001967059
218,Spain,1,3,Brazil,0.739488025960027
219,Brazil,4,2,Brazil,0.8431839473430861
220,Portugal,0,2,France,0.8047243950950029
221,France,1,1,England,0.7614170616998845
222,Sweden,5,2,England,0.7186185965376961
223,England,1,1,Russia,0.8031056767225468
224,Nigeria,0,1,Poland,0.815697286935265
225,Peru,2,1,Poland,0.8190268373538432
226,Brazil,1,0,Poland,0.8140785685628088
227,Spain,0,2,Belgium,0.7778554645344443
228,Belgium,1,1,Serbia,0.71750874639817
229,Argentina,0,1,Uruguay,0.7674835546007783
230,Croatia,2,2,Iran,0.8661809633708033
231,Spain,0,2,England,0.8749425289023465
232,Portugal,2,1,England,0.8003854821808978
233,France,2,0,England,0.7751352699927953
234,Switzerland,0,3,Brazil,0.8162480250198614
235,Spain,0,2,Belgium,0.7844308256682682
236,Belgium,1,2,England,0.8234243680602813
237,Argentina,0,4,England,0.814654428558405
238,Brazil,1,3,England,0.8059012369971952
239,Brazil,1,0,England,0.7904889445988288
240,Brazil,1,1,France,0.8184342294175805
241,Sweden,1,4,Spain,0.8140869425331421
242,Brazil,1,0,Spain,0.7986913980754422
243,Senegal,1,2,Sweden,0.7630525280130072
244,France,1,1,Spain,0.7823116130332152
245,Germany,1,1,Mexico,0.8102066540299673
246,Portugal,0,2,France,0.7696781329688307
247,Germany,2,0,France,0.7795244267289001
248,Brazil,1,1,Belgium,0.7499185536860258
249,Portugal,1,4,Germany,0.7668909466645155
250,Portugal,1,3,England,0.7471983591443768
251,Brazil,0,1,Switzerland,0.7192530743256251
252,Spain,1,2,Argentina,0.8019958265830207
253,France,1,0,Argentina,0.8047746389170025
254,France,2,2,Mexico,0.7817525009782855
255,France,1,0,Mexico,0.8167987631044578
256,Portugal,0,0,Spain,0.7614421836108842
257,England,0,1,South Korea,0.7772796045388481
258,Portugal,0,0,Croatia,0.762001295665814
259,France,3,0,Croatia,0.7406062500698865
260,Brazil,3,2,Croatia,0.8601228444402428
261,England,0,1,Senegal,0.8333125316720169
262,France,0,0,Japan,0.842040601322227
263,Belgium,1,0,Japan,0.8255687026063341
264,France,1,1,Peru,0.8425997133771567
265,Spain,1,4,Switzerland,0.8085711877168446
266,Spain,0,1,France,0.7746180277895319
267,Germany,3,1,France,0.7932510089921441
268,Portugal,0,1,Belgium,0.7066028463205741
269,Belgium,0,0,Peru,0.8513529049383665
270,Switzerland,2,0,Peru,0.8798656757823811
271,England,2,1,Peru,0.822815012183352
272,Portugal,1,3,Uruguay,0.801470210409424
273,Brazil,4,2,Uruguay,0.7399801462522906
274,Spain,0,1,Russia,0.7805924070167598
275,Croatia,0,0,Japan,0.7614338096405511
276,Switzerland,0,1,Brazil,0.850259802739507
277,Peru,2,1,Brazil,0.7767539883652514
278,England,0,1,Morocco,0.8277716549447197
279,Uruguay,1,4,Croatia,0.7937598772250742
280,Spain,1,3,Senegal,0.8151549228210018
281,Argentina,5,3,Senegal,0.7745677839675323
282,Mexico,2,0,Senegal,0.8480987202527875
283,France,2,0,Senegal,0.8206455557262995
284,Senegal,1,1,Iran,0.78670076976932
285,Spain,1,1,Senegal,0.8069273474333886
286,England,2,0,Senegal,0.7894042163703024
287,Belgium,1,0,Senegal,0.7625185378690773
288,Nigeria,1,0,Senegal,0.872213960390364
289,France,1,0,Senegal,0.8541400912426815
290,Spain,0,2,Belgium,0.8173578751593875
291,France,1,0,Belgium,0.863418898977488
292,Brazil,4,2,Belgium,0.7746012798488654
293,Croatia,1,1,Panama,0.778448072470707
294,Argentina,4,0,Panama,0.7679505529820421
295,Portugal,1,0,Panama,0.8086214315388442
296,Argentina,1,4,Serbia,0.8041736570104066
297,Peru,2,1,Serbia,0.7213806609310114
298,Brazil,1,1,Nigeria,0.826670178775527
299,Germany,1,0,Nigeria,0.7778973343861106
300,Spain,0,0,South Korea,0.8141036904738086
301,Germany,0,1,Sweden,0.7899717023955655
302,Portugal,1,0,Sweden,0.8075032074289848
303,Croatia,0,1,France,0.7581293811329726
304,Belgium,2,0,France,0.8366002122389289
305,France,1,1,Nigeria,0.8036564148071432
306,England,0,1,France,0.7751687658741283
307,Brazil,1,0,France,0.8678331776245927
308,Uruguay,1,2,France,0.8327115497654209
309,France,2,0,France,0.8052835071499327
310,Germany,1,1,Argentina,0.8173578751593875
311,Switzerland,1,3,Brazil,0.831067709481965
312,Argentina,0,1,Peru,0.8075283293399846
313,England,1,3,Portugal,0.7411737360951494
314,Brazil,1,0,Portugal,0.8058342452345291
315,England,1,1,Russia,0.8337962779939473
316,Germany,0,1,England,0.8628765348632248
317,Switzerland,2,4,Brazil,0.8223061439504219
318,France,2,0,Brazil,0.7702121231127605
319,Argentina,1,2,Portugal,0.833787904023614
320,Peru,2,1,Portugal,0.8118839901947563
321,Brazil,2,3,Portugal,0.734014140995396
322,Spain,0,0,England,0.7893707204889694
323,Switzerland,4,2,England,0.7559264287945868
324,Senegal,1,2,Brazil,0.8387361728146485
325,France,0,0,Uruguay,0.7329377867372029
326,Switzerland,0,1,Belgium,0.7910145607724254
327,Argentina,0,1,Brazil,0.731769318805344
328,Senegal,1,1,Russia,0.7335052727624658
329,Argentina,2,1,Russia,0.749859935893693
330,Croatia,2,1,Russia,0.7915569248866886
331,France,2,1,Russia,0.7811933889233558
332,Russia,2,0,Russia,0.618811337628145
333,Portugal,0,0,Germany,0.8151381748803352
334,France,2,0,Germany,0.7109836290863456
335,Croatia,2,3,France,0.8080204496322482
336,Spain,0,2,Belgium,0.7449451629839916
337,Switzerland,1,0,Belgium,0.8354568662180697
338,Spain,0,0,Morocco,0.8041904049510731
339,England,4,2,Morocco,0.766874198723849
340,Germany,2,2,Russia,0.8255938245173339
341,Belgium,6,1,Russia,0.7811933889233558
342,Uruguay,2,1,Russia,0.8080204496322482
343,Spain,0,2,Belgium,0.8223312658614217
344,Peru,2,1,Belgium,0.7707293653160239
345,Portugal,2,3,Sweden,0.7691106469435678
346,Portugal,0,1,France,0.860698704435839
347,England,2,0,France,0.8420154794112271
348,Germany,1,1,Serbia,0.7592894750944981
349,England,0,0,Nigeria,0.7615008014032171
350,Peru,2,1,Nigeria,0.8486075884857176
351,Switzerland,0,3,Poland,0.7779057083564439
352,Uruguay,1,3,France,0.8458873939440686
353,Croatia,2,0,France,0.877679471384662
354,Switzerland,2,1,France,0.7685850307699711
355,Brazil,1,2,Germany,0.7866756478583201
356,France,2,0,Germany,0.8239332362932114
357,France,1,1,Germany,0.8809838998922405
358,France,1,1,England,0.8404218829497707
359,France,0,0,Peru,0.8184426033879137
360,Portugal,2,2,Spain,0.7488505733981661
361,Belgium,1,2,Peru,0.7932091391404779
362,France,5,2,Peru,0.814053446651809
363,Brazil,1,0,Peru,0.8211627979295628
364,Germany,1,2,Brazil,0.6835555864708573
365,England,1,1,Russia,0.8267622924491929
366,Switzerland,2,3,Poland,0.6917580399474708
367,South Korea,2,0,Poland,0.8447859177748758
368,Spain,1,2,Brazil,0.8349228760741398
369,England,0,3,Croatia,0.8086046835981776
370,England,2,1,Croatia,0.8596056022369793
371,France,1,1,Germany,0.7768293540982508
372,Spain,1,1,Poland,0.8041820309807398
373,Spain,0,0,Morocco,0.7158732800850474
374,Spain,0,1,Russia,0.868350419827856
375,Switzerland,3,4,Brazil,0.7976150438172491
376,Germany,3,2,Brazil,0.8398711448651743
377,Tunisia,0,1,South Korea,0.8590381162117164
378,Portugal,1,1,Peru,0.8414814892672973
379,Brazil,2,3,Serbia,0.7060353602953112
380,Croatia,1,3,Portugal,0.8053421249422654
381,France,1,0,Portugal,0.8398460229541745
382,Spain,0,2,Belgium,0.831635195507228
383,France,6,2,Belgium,0.7005698493010133
384,Spain,0,1,Croatia,0.7745594099971991
385,Argentina,3,0,Croatia,0.8497174386252437
386,Brazil,2,0,Croatia,0.8151884187023348
387,Belgium,1,0,Croatia,0.8195692014681064
388,Peru,2,3,Belgium,0.7482412175212368
389,England,0,1,Spain,0.7861165358033905
390,Spain,1,2,France,0.7192112044739588
391,Poland,2,4,Iran,0.7712717294302871
392,Belgium,0,2,Spain,0.8003352383588982
393,Uruguay,2,3,Switzerland,0.7998514920369679
394,Portugal,1,1,Iceland,0.7910731785647582
395,Serbia,0,1,Portugal,0.8195943233791061
396,Morocco,0,1,Argentina,0.8508189147944365
397,Belgium,6,1,Argentina,0.8656469732268735
398,Serbia,3,1,Argentina,0.7701870012017609
399,Argentina,1,1,Croatia,0.6939944881671893
400,France,1,1,Germany,0.7867258916803198
401,Belgium,0,3,England,0.6726245644822616
402,England,2,2,Iran,0.7975815479359161
403,Belgium,2,0,Iran,0.758112633192306
404,France,3,4,Peru,0.8047495170060027
405,Serbia,1,2,Belgium,0.8475144862868581
406,Portugal,1,1,Spain,0.7926835229668812
407,Belgium,1,3,England,0.7872180119725833
408,Croatia,0,1,Argentina,0.7976401657282489
409,Belgium,0,4,Senegal,0.8140450726814757
410,Portugal,1,2,Switzerland,0.8349312500444732
411,England,0,0,Tunisia,0.7383530539095011
412,Brazil,1,0,Tunisia,0.7636200140382701
413,England,2,0,Tunisia,0.8376346966454556
414,Belgium,1,1,Russia,0.742742210645606
415,England,3,3,Tunisia,0.8486243364263841
416,England,2,0,Tunisia,0.7586633712769024
417,Belgium,1,2,Peru,0.7257781916374495
418,Brazil,3,0,Peru,0.8206204338152996
419,Croatia,1,3,Sweden,0.7932007651701446
420,Uruguay,2,1,Sweden,0.826136188631597
421,Brazil,3,1,Sweden,0.8119091121057562
422,Belgium,2,1,Sweden,0.7948781013349336
423,Mexico,1,0,Sweden,0.8338130259346138
424,England,2,0,Sweden,0.8058593671455289
425,Brazil,2,2,France,0.7680175447447082
426,Peru,2,1,France,0.8431337035210865
427,Belgium,1,2,Argentina,0.6989511309285572
428,Mexico,2,3,Brazil,0.8628849088335582
429,Brazil,4,2,Brazil,0.6933600103792604
430,Mexico,1,0,Brazil,0.8135194565078792
431,France,2,1,Brazil,0.8151465488506685
432,Germany,0,0,Iran,0.8700193820223117
433,France,2,0,Iran,0.796505193677723
434,Serbia,3,4,Germany,0.7581210071626393
435,Peru,0,4,Russia,0.7362254673041149
436,Portugal,1,2,Peru,0.758680119217569
437,England,2,0,Peru,0.8283642628809824
438,Portugal,0,1,Peru,0.8020376964346869
439,France,1,1,Germany,0.7894209643109691
440,Sweden,1,2,South Korea,0.8332539138796842
441,Belgium,1,1,Uruguay,0.8042322748027394
442,Croatia,2,3,France,0.8343721379895435
443,Portugal,1,1,Mexico,0.7285151341197651
444,Switzerland,3,3,Spain,0.8080288236025814
445,Belgium,0,1,Brazil,0.7614421836108842
446,Spain,1,2,England,0.7152722981784514
447,England,2,3,Switzerland,0.7686185266513041
448,Switzerland,1,1,Poland,0.8535474833064189
449,Sweden,0,3,France,0.8349228760741398
450,Switzerland,1,3,Brazil,0.7724485713324794
451,Spain,0,2,Belgium,0.786099787862724
452,Portugal,2,3,England,0.7849983116935311
453,Brazil,2,0,England,0.797072679702986
454,Brazil,2,2,England,0.789929832543899
455,Tunisia,1,1,Iran,0.8480652243714545
456,Serbia,2,1,Iran,0.792107662971285
457,Sweden,2,3,Brazil,0.8661809633708033
458,Spain,3,2,Brazil,0.7345481311393258
459,Switzerland,0,1,France,0.7498683098640263
460,France,2,2,Morocco,0.821738657925159
461,England,2,0,Morocco,0.765322472114059
462,Germany,2,2,Russia,0.8135362044485456
463,Belgium,2,0,Russia,0.7537402243968677
464,France,4,0,Russia,0.7553421948286574
465,Mexico,2,0,Russia,0.7323033089492739
466,Portugal,1,3,England,0.8272711606821229
467,Spain,1,0,England,0.7986913980754422
468,England,2,3,Belgium,0.7834298371430746
469,Brazil,1,1,France,0.8749509028726796
470,Morocco,0,2,Portugal,0.8491750745109806
471,Brazil,3,0,Portugal,0.8448026657155423
472,Uruguay,3,1,Portugal,0.8310844574226315
473,Brazil,2,1,Portugal,0.7937933731064073
474,England,0,3,Spain,0.8546657074162782
475,Portugal,1,0,Spain,0.849725812595577
476,Belgium,2,0,Spain,0.829457365079842
477,Senegal,0,1,Brazil,0.8689179058531189
478,Spain,0,2,Belgium,0.8173495011890541
479,Brazil,0,1,Russia,0.7828121072958121
480,Brazil,2,1,Russia,0.7531392424902718
481,Belgium,1,0,Russia,0.7921160369416183
482,Switzerland,2,1,Russia,0.7746347757301983
483,Switzerland,0,1,Spain,0.7948781013349336
484,Belgium,0,0,Switzerland,0.7877352541758467
485,Belgium,0,0,Switzerland,0.7652219844700598
486,Spain,1,0,Switzerland,0.7921579067932846
487,Germany,1,1,England,0.798149033961179
488,Spain,0,4,France,0.7816687612749529
489,Belgium,0,1,England,0.7921662807636178
490,France,0,0,Poland,0.8639612630917511
491,Brazil,2,2,Germany,0.7471899851740436
492,Spain,1,2,France,0.8338381478456136
493,England,2,0,France,0.791573672827355
494,Croatia,0,3,Germany,0.7762032502806551
495,Spain,0,2,Portugal,0.7800416689321634
496,Nigeria,0,1,Belgium,0.8310760834522983
497,Brazil,2,2,Portugal,0.8765863691858025
498,Belgium,2,0,Portugal,0.7872180119725833
499,Brazil,3,0,Portugal,0.7257446957561164
500,Brazil,2,2,Croatia,0.815697286935265
501,Brazil,3,2,Croatia,0.7432762007895358
502,Portugal,4,1,Croatia,0.8485992145153844
503,France,2,0,Croatia,0.819560827497773
504,France,1,1,Argentina,0.7542490926297978
505,Uruguay,1,2,Switzerland,0.7152890461191179
506,Spain,0,2,Belgium,0.8031307986335465
507,England,1,0,Belgium,0.826670178775527
508,France,4,1,Belgium,0.812409606368353
509,France,3,4,Peru,0.8683755417388557
510,Portugal,1,2,Germany,0.7899130846032326
511,Brazil,2,2,Spain,0.760357455382358
512,Egypt,2,0,Spain,0.7713219732522867
513,Nigeria,2,2,South Korea,0.7153811597927837
514,Portugal,1,1,Spain,0.8639612630917511
515,Belgium,1,4,Morocco,0.8069859652257214
516,Tunisia,0,1,South Korea,0.671464470520736
517,Switzerland,2,1,South Korea,0.7548417005660606
518,Portugal,2,0,South Korea,0.8053421249422654
519,Spain,1,2,France,0.721363912990345
520,Brazil,2,0,France,0.8628849088335582
521,Switzerland,2,3,England,0.8102568978519669
522,Belgium,1,0,England,0.8316184475665613
523,Germany,2,1,England,0.7998431180666346
524,England,0,1,Brazil,0.812409606368353
525,Iran,1,0,Brazil,0.8123928584276865
526,Portugal,1,0,Brazil,0.8486327103967175
527,Spain,0,2,Belgium,0.8173578751593875
528,England,3,0,Belgium,0.8239751061448777
529,Brazil,1,2,Switzerland,0.8299578593424389
530,Argentina,1,0,Switzerland,0.7702288710534271
531,France,1,1,Germany,0.7675003025414449
532,Belgium,2,0,Germany,0.7992588841007051
533,Switzerland,2,3,Brazil,0.7745845319081989
534,Portugal,0,1,Peru,0.7745677839675323
535,Portugal,0,0,Germany,0.8321859335918244
536,Portugal,1,0,Germany,0.8491583265703141
537,Peru,2,0,Germany,0.8118756162244232
538,Belgium,3,0,Germany,0.7965219416183896
539,France,0,1,Senegal,0.7937682511954075
540,Morocco,1,0,Senegal,0.8376346966454556
541,Croatia,1,0,Senegal,0.8398711448651743
542,Portugal,7,0,Senegal,0.6950792163957157
543,Belgium,2,2,South Korea,0.7476904794366404
544,Uruguay,2,1,South Korea,0.7838968355243383
545,Spain,0,2,Belgium,0.8107741400552302
546,Brazil,2,4,Tunisia,0.7981741558721789
547,France,1,1,Germany,0.741699352268746
548,England,0,3,Belgium,0.7948781013349336
549,Belgium,0,2,France,0.7816771352452861
550,Spain,2,4,Brazil,0.7872263859429166
551,Belgium,0,0,South Korea,0.717033374046573
552,France,3,3,Australia,0.7943441111910037
553,Uruguay,1,0,Australia,0.745529396949921
554,Switzerland,4,2,Australia,0.8524627550778925
555,England,2,1,Australia,0.773483055739006
556,Argentina,1,0,Australia,0.7690855250325679
557,Germany,0,1,France,0.788311114171443
558,France,1,3,Peru,0.7773382223311809
559,Germany,1,2,England,0.78670076976932
560,Brazil,2,2,Portugal,0.7388954180237643
561,Uruguay,2,1,Portugal,0.7833377234694088
562,Portugal,1,2,Uruguay,0.8217470318954923
563,Germany,0,3,Portugal,0.801436714528091
564,Switzerland,0,4,Russia,0.8222810220394221
565,Belgium,1,1,France,0.817341127218721
566,England,0,3,Belgium,0.8371174544421922
567,Spain,0,2,Belgium,0.7625185378690773
568,Brazil,1,0,Belgium,0.7696362631171644
569,Senegal,0,2,Germany,0.7323786746822732
570,Sweden,2,3,Brazil,0.8354903620994028
571,Portugal,1,2,Croatia,0.7247102113495897
572,Spain,2,4,Russia,0.8694435220267156
573,Brazil,2,0,Russia,0.7921160369416183
574,Senegal,5,3,Russia,0.7461387528268503
575,Switzerland,1,1,England,0.8766031171264689
576,Germany,0,0,Spain,0.8174081189813871
577,France,2,0,Spain,0.781735753037619
578,Switzerland,3,1,Spain,0.8101982800596341
579,Egypt,3,0,Spain,0.8053002550905992
580,Brazil,0,1,Spain,0.8052500112685996
581,England,0,1,Portugal,0.793751503254741
582,Germany,2,0,Portugal,0.8486745802483837
583,England,3,3,Tunisia,0.7669411904865151
584,Brazil,3,1,Tunisia,0.790997812831759
585,France,2,1,Tunisia,0.8277549070040533
586,Portugal,3,3,Morocco,0.8178834913329841
587,Brazil,2,1,Morocco,0.7559431767352534
588,Brazil,3,1,Morocco,0.7998096221853015
589,Brazil,1,1,Russia,0.8305169713973686
590,Germany,1,2,Brazil,0.7345481311393258
591,Belgium,3,3,Mexico,0.8118672422540898
592,Brazil,1,0,Mexico,0.7954372133898633
593,Belgium,0,3,England,0.8332874097610172
594,Uruguay,2,0,England,0.7844391996386015
595,England,2,1,England,0.766907694605182
596,France,2,0,England,0.7505027876519553
597,Switzerland,2,4,Brazil,0.787710132264847
598,Morocco,1,4,Belgium,0.7844978174309343
599,France,1,0,Belgium,0.8124263543090195
600,Uruguay,0,1,Sweden,0.7372683256809749
601,Switzerland,1,0,Sweden,0.771897833247883
602,Belgium,2,2,Switzerland,0.778448072470707
603,Germany,2,3,Brazil,0.7894377122516356
604,Russia,1,0,Brazil,0.7652806022623926
605,Portugal,0,2,England,0.8102234019706338
606,Peru,2,1,England,0.8354652401884031
607,Spain,0,4,Croatia,0.7526722441090079
608,Mexico,2,3,Sweden,0.7773214743905145
609,England,2,1,Sweden,0.7981322860205126
610,Peru,2,1,Sweden,0.8146293066474052
611,Germany,3,2,Sweden,0.7734579338280062
612,Spain,1,2,Brazil,0.7943022413393374
613,Belgium,0,1,Brazil,0.7510284038255519
614,Portugal,1,3,Belgium,0.8277967768557195
615,Iran,3,2,Belgium,0.7625352858097438
616,England,1,2,France,0.7466308731191138
617,Brazil,0,0,England,0.793784999136074
618,Belgium,0,1,Brazil,0.7872347599132499
619,Germany,2,1,Brazil,0.7295831144076248
620,Brazil,2,1,Brazil,0.8179086132439839
621,Nigeria,2,0,Brazil,0.7745677839675323
622,Croatia,2,4,Argentina,0.7460466391531845
623,Brazil,1,1,France,0.8617834326643653
624,Portugal,1,1,Switzerland,0.8245425921701406
625,Uruguay,1,2,Australia,0.8009278462951609
626,Switzerland,2,3,Brazil,0.8689011579124524
627,France,1,0,Brazil,0.7126442173104681
628,Belgium,2,0,Brazil,0.7147718039158544
629,Nigeria,0,1,Switzerland,0.744486538573061
630,France,1,0,Switzerland,0.7339890190843962
631,Peru,2,0,Switzerland,0.7581461290736391
632,Belgium,2,2,England,0.842040601322227
633,Peru,2,0,England,0.7762283721916549
634,Brazil,1,5,Egypt,0.8086298055091774
635,Spain,1,2,England,0.7630776499240071
636,Belgium,1,1,France,0.799250510130372
637,Brazil,0,0,Sweden,0.8130022143046156
638,France,2,1,Sweden,0.7992923799820382
639,France,1,1,England,0.9144449395272896
640,Uruguay,1,1,Russia,0.7307013385174842
641,Portugal,0,1,South Korea,0.8168490069264573
642,Sweden,1,3,Croatia,0.77183921545555
643,England,2,0,Croatia,0.77183921545555
644,Senegal,1,2,Sweden,0.8645371230873473
645,England,1,1,Russia,0.7581545030439724
646,France,1,1,Spain,0.8480735983417877
647,Spain,1,2,France,0.8552080715305413
648,Spain,1,1,Russia,0.797106175584319
649,Spain,0,2,England,0.7564771668791833
650,Spain,0,2,Belgium,0.7932258870811444
651,Nigeria,0,2,Portugal,0.8146209326770719
652,Belgium,1,0,Portugal,0.8157391567869312
653,Brazil,2,4,Switzerland,0.7608830715559547
654,Belgium,1,2,Peru,0.6973240385857677
655,England,0,1,Belgium,0.7795328006992333
656,Spain,1,1,Poland,0.6802762798742786
657,Brazil,3,3,England,0.7679673009227086
658,Peru,3,0,England,0.8069692172850549
659,Brazil,3,2,England,0.8239499842338779
660,Brazil,4,1,England,0.7844391996386015
661,Sweden,1,2,Switzerland,0.7257698176671163
662,Sweden,2,3,England,0.7509697860332192
663,Spain,2,5,Croatia,0.782778611414479
664,France,0,1,Brazil,0.8146376806177384
665,Spain,1,1,Senegal,0.7927002709075477
666,Sweden,0,2,Belgium,0.7170082521355732
667,France,6,0,Belgium,0.8541149693316819
668,Spain,2,0,Belgium,0.852479503018559
669,Brazil,0,1,Belgium,0.789929832543899
670,Belgium,2,3,South Korea,0.6895634615794184
671,Belgium,1,1,Russia,0.7932258870811444
672,England,0,2,Croatia,0.8102234019706338
673,Spain,1,2,France,0.8524711290482259
674,Croatia,1,2,Belgium,0.7729658135357427
675,Peru,2,0,Belgium,0.7910815525350916
676,Spain,1,1,England,0.7740672897049355
677,Uruguay,0,0,Poland,0.9067597282539396
678,Japan,1,3,South Korea,0.8518952690526296
679,Peru,3,0,South Korea,0.7783894546783742
680,Portugal,1,0,South Korea,0.8014953323204238
681,France,1,1,Germany,0.793276130903144
682,Argentina,0,1,France,0.8096977857970372
683,Switzerland,2,3,England,0.792107662971285
684,England,1,0,England,0.8667149535147333
685,Sweden,0,1,Uruguay,0.8157559047275977
686,Sweden,0,1,England,0.8431253295507533
687,Peru,2,1,England,0.8453534038001387
688,Belgium,3,3,Mexico,0.8135445784188788
689,Senegal,0,1,France,0.8349396240148064
690,Spain,0,1,Portugal,0.800894350413828
691,England,0,1,Morocco,0.7510032819145521
692,Spain,2,1,Morocco,0.8190352113241764
693,Belgium,0,0,Peru,0.767475180630445
694,Uruguay,1,1,Russia,0.8168573808967906
695,Spain,0,1,Sweden,0.904590271796887
696,Brazil,1,0,Sweden,0.8573942759282605
697,Spain,0,3,Portugal,0.8272795346524562
698,Portugal,0,0,Morocco,0.7784313245300405
699,Portugal,3,4,Belgium,0.8711124842211713
700,Brazil,2,0,Belgium,0.7515958898508148
701,Spain,1,1,Sweden,0.8058426192048622
702,Peru,2,1,Sweden,0.6851659308729803
703,Portugal,0,0,France,0.7532062342529378
704,England,1,0,France,0.8294406171391755
705,France,1,4,Russia,0.8376598185564554
706,England,1,0,Russia,0.7498850578046927
707,Brazil,1,1,France,0.8568435378436641
708,France,3,1,France,0.7273969100099057
709,England,2,1,France,0.7591973614208323
710,Portugal,0,0,France,0.7964968197073898
711,France,0,0,Croatia,0.8267204225975265
712,Portugal,0,1,France,0.695655076391312
713,Brazil,1,0,France,0.824492348348141
714,Peru,0,0,Sweden,0.7877268802055135
715,Spain,1,2,France,0.8266785527458602
716,Portugal,1,0,France,0.8041987789214062
717,Australia,0,1,Sweden,0.821204667781229
718,Brazil,1,1,Portugal,0.7390377755194297
719,Brazil,1,0,Portugal,0.7712717294302871
720,France,1,1,Australia,0.8288647571435793
721,Tunisia,1,3,Switzerland,0.8113165041694934
722,Tunisia,0,1,Uruguay,0.8491667005406474
723,France,3,3,England,0.8338046519642806
724,France,1,0,England,0.767975674893042
725,Brazil,4,1,England,0.7614170616998845
726,Portugal,0,0,Spain,0.8151549228210018
727,France,1,0,Spain,0.7680342926853747
728,Portugal,0,0,Japan,0.797072679702986
729,Switzerland,1,0,Japan,0.849725812595577
730,England,0,3,Belgium,0.8382105566410518
731,Brazil,2,1,Belgium,0.8041904049510731
732,Spain,3,3,England,0.8579533879831902
733,Peru,1,1,Russia,0.6495103128698787
734,Argentina,0,2,Peru,0.8327115497654209
735,Portugal,0,0,Germany,0.7795076787882336
736,Mexico,3,1,Germany,0.7735081776500059
737,England,1,1,Russia,0.8080204496322482
738,Brazil,1,2,England,0.8222893960097554
739,Senegal,0,0,Panama,0.7943022413393374
740,Spain,0,2,Belgium,0.7498850578046927
741,Brazil,1,1,Croatia,0.7762283721916549
742,Belgium,0,1,Brazil,0.706026986324978
743,Sweden,1,2,France,0.8837292163448893
744,Belgium,5,2,France,0.7970894276436524
745,Argentina,1,1,Croatia,0.8272292908304566
746,Russia,2,0,Croatia,0.7202791847618186
747,England,0,3,Belgium,0.767475180630445
748,Argentina,3,0,Belgium,0.8036647887774764
749,Belgium,0,2,Spain,0.7970643057326527
750,Belgium,0,2,Peru,0.894159744070888
751,England,3,0,Peru,0.8173662491297207
752,Brazil,2,1,Peru,0.7531978602826046
753,Brazil,2,4,Switzerland,0.7043915200118552
754,Portugal,1,1,England,0.7932928788438105
755,Brazil,1,0,England,0.8299997291941053
756,Belgium,2,2,Iran,0.7834214631727413
757,Spain,1,1,Russia,0.8409307511827009
758,Belgium,1,1,France,0.826670178775527
759,Portugal,1,2,Brazil,0.7103826471797496
760,Brazil,1,2,England,0.8360411001839992
761,Germany,4,1,England,0.8579701359238567
762,Peru,1,1,Tunisia,0.8349145021038067
763,Switzerland,0,1,Belgium,0.7893623465186361
764,Belgium,0,2,France,0.7772963524795147
765,Uruguay,2,1,France,0.7630274061020075
766,Portugal,0,2,France,0.7937766251657408
767,France,0,1,Peru,0.823382498208615
768,England,2,0,Peru,0.7816855092156194
769,Spain,0,0,Russia,0.8360076043026663
770,France,1,0,Russia,0.7635697702162706
771,Belgium,0,3,England,0.7784313245300405
772,France,7,0,England,0.7745426620565325
773,Belgium,0,3,England,0.8003854821808978
774,England,2,1,England,0.7428008284379388
775,England,1,0,England,0.8519120169932961
776,Belgium,1,4,France,0.8853646826580119
777,Brazil,2,1,France,0.796505193677723
778,Spain,2,4,Russia,0.8914144276182392
779,Spain,1,3,France,0.7115343671709421
780,Belgium,3,3,Mexico,0.7943357372206704
781,Switzerland,2,0,Mexico,0.821738657925159
782,Brazil,0,3,Iran,0.8442351796902794
783,Portugal,0,0,Spain,0.7553840646803237
784,Iceland,2,1,Spain,0.8486075884857176
785,Spain,0,1,Portugal,0.7006117191526796
786,England,1,0,Portugal,0.6977994109373648
787,England,4,0,Portugal,0.8124598501903526
788,Belgium,1,0,Portugal,0.8661725894004701
789,Portugal,1,1,Iran,0.8102234019706338
790,Argentina,4,0,Iran,0.8173829970703872
791,England,2,1,Iran,0.8030889287818803
792,England,0,1,Iran,0.7586884931879022
793,Brazil,2,0,Iran,0.8349228760741398
794,England,3,3,Tunisia,0.7756608861663918
795,England,2,0,Tunisia,0.7697116288501638
796,Croatia,2,3,Belgium,0.8453701517408052
797,France,1,2,Argentina,0.8108160099068966
798,Spain,3,4,Switzerland,0.8113248781398267
799,Brazil,1,0,Switzerland,0.786099787862724
800,Croatia,1,3,Belgium,0.8245007223184744
801,Iceland,4,1,Belgium,0.7696781329688307
802,England,3,0,Belgium,0.7871928900615836
803,Brazil,4,1,Belgium,0.8250179645217377
804,Uruguay,3,0,Belgium,0.8107741400552302
805,Belgium,1,1,Sweden,0.8694518959970488
806,England,2,1,Sweden,0.6977994109373648
807,Brazil,1,0,Sweden,0.8173997450110537
808,Switzerland,1,3,Brazil,0.8134859606265461
809,Spain,0,2,Belgium,0.7735332995610056
810,France,1,0,Belgium,0.7690771510622347
811,Belgium,1,0,Belgium,0.798149033961179
812,France,0,1,Peru,0.7784396985003739
813,Brazil,2,2,Senegal,0.7723983275104798
814,Argentina,1,0,Senegal,0.8848223185437488
815,Portugal,2,2,Tunisia,0.7405643802182201
816,France,1,1,Croatia,0.8075115813993181
817,England,2,3,Belgium,0.7635948921272704
818,Germany,0,0,Iran,0.8305085974270353
819,France,3,1,Iran,0.8151465488506685
820,Brazil,2,2,France,0.7504776657409555
821,Brazil,3,1,France,0.7757027560180583
822,Uruguay,3,3,Senegal,0.8107741400552302
823,Brazil,0,3,Iran,0.8826277401756965
824,Portugal,2,3,France,0.7641791260931998
825,France,4,0,France,0.7768544760092506
826,Belgium,1,1,France,0.8009194723248276
827,Peru,0,2,France,0.7850401815451975
828,Spain,1,2,Brazil,0.814654428558405
829,Brazil,4,0,Brazil,0.7778722124751108
830,Russia,1,3,Sweden,0.8590297422413833
831,Sweden,1,3,Germany,0.7614338096405511
832,Argentina,1,2,France,0.8316268215368947
833,Uruguay,0,0,Poland,0.737301821562308
834,France,2,3,Peru,0.831067709481965
835,Tunisia,2,2,Iceland,0.8091135518311078
836,England,1,2,South Korea,0.7767288664542518
837,Portugal,0,0,Serbia,0.8184426033879137
838,Portugal,1,3,Belgium,0.8300164771347718
839,England,2,1,Belgium,0.8008859764434946
840,Spain,0,0,England,0.815730782816598
841,Russia,2,0,England,0.7411234922731498
842,Belgium,1,1,Croatia,0.8436760676353496
843,Brazil,2,1,Croatia,0.7674416847491119
844,Switzerland,0,2,Poland,0.7488087035464998
845,England,2,1,Poland,0.8266785527458602
846,Brazil,2,3,France,0.8151800447320016
847,Spain,0,2,Belgium,0.8239416102635446
848,Belgium,0,0,Switzerland,0.7400722599259565
849,France,3,0,Switzerland,0.7992840060117049
850,Peru,1,1,Tunisia,0.7176092340421691
851,Croatia,0,0,Uruguay,0.778448072470707
852,Switzerland,0,2,Portugal,0.8030721808412138
853,Switzerland,2,0,Portugal,0.8196026973494395
854,Peru,2,1,Portugal,0.7839554533166712
855,France,1,2,Argentina,0.760866323615288
856,Sweden,2,0,Argentina,0.829457365079842
857,England,3,2,Argentina,0.7712633554599538
858,Belgium,1,0,Argentina,0.820628807785633
859,England,2,0,Argentina,0.7603239595010249
860,Spain,1,2,France,0.764187500063533
861,Brazil,0,0,Switzerland,0.7646712463854635
862,France,0,0,Japan,0.8261278146612637
863,Croatia,0,0,South Korea,0.7159067759663804
864,Brazil,2,0,South Korea,0.7680342926853747
865,Brazil,5,0,South Korea,0.7510032819145521
866,Brazil,1,0,South Korea,0.7488087035464998
867,Uruguay,1,1,Nigeria,0.790463822687829
868,France,3,2,Nigeria,0.7789318187926374
869,Peru,2,1,Nigeria,0.8425829654364901
870,Portugal,0,0,Germany,0.7564855408495166
871,Switzerland,0,0,Argentina,0.8085795616871778
872,Argentina,1,2,England,0.8042071528917396
873,Belgium,1,2,Brazil,0.7954120914788635
874,Spain,1,2,France,0.7844308256682682
875,Portugal,0,2,England,0.8058342452345291
876,Brazil,1,2,Iceland,0.8497341865659103
877,Russia,3,2,Iceland,0.8167987631044578
878,France,1,1,Spain,0.8436593196946831
879,Peru,2,1,Spain,0.8798824237230476
880,Argentina,1,2,France,0.8705617461365749
881,Spain,0,2,Belgium,0.8239332362932114
882,France,1,1,Germany,0.8672824395399962
883,France,1,0,Germany,0.8497006906845772
884,Brazil,2,2,Switzerland,0.8486075884857176
885,Switzerland,3,2,Switzerland,0.8245174702591409
886,Argentina,1,3,Brazil,0.8053421249422654
887,Spain,0,0,Iceland,0.8135027085672125
888,Uruguay,3,1,Iceland,0.729082620145028
889,England,1,2,Sweden,0.8453366558594722
890,Spain,1,2,England,0.7882776182901099
891,Spain,1,0,England,0.8601479663512426
892,Portugal,2,1,England,0.8195524535274399
893,Brazil,1,0,England,0.7849815637528647
894,France,1,1,England,0.7740086719126027
895,Switzerland,1,3,Brazil,0.8190017154428435
896,Peru,3,0,Brazil,0.7493929375124292
897,France,0,0,Peru,0.8442435536606127
898,Portugal,0,0,France,0.781134771131023
899,Spain,0,4,France,0.8266869267161934
900,England,1,0,France,0.733480150851466
901,Belgium,2,2,France,0.7899465804845657
902,Belgium,2,1,France,0.7718308414852169
903,South Korea,0,0,Peru,0.8080706934542478
904,England,2,0,Peru,0.787710132264847
905,Spain,1,2,England,0.723074745036467
906,Spain,0,2,Belgium,0.7241678472353266
907,Peru,2,1,Belgium,0.7098737789468196
908,Belgium,1,1,France,0.7849731897825314
909,Portugal,0,0,Spain,0.7724067014808129
910,Poland,2,0,Spain,0.7795244267289001
911,Argentina,1,0,Spain,0.9166395178953419
912,Spain,0,0,England,0.8338381478456136
913,Belgium,2,2,France,0.8420322273518936
914,Spain,1,2,France,0.7192279524146254
915,France,1,1,England,0.7329294127668696
916,Brazil,1,1,Switzerland,0.7257698176671163
917,Brazil,0,0,Germany,0.8069189734630553
918,Spain,0,2,Belgium,0.8179086132439839
919,Brazil,2,2,Switzerland,0.6999688673944173
920,Brazil,2,4,Belgium,0.790997812831759
921,Brazil,0,0,Argentina,0.8025716865786169
922,Brazil,1,1,Portugal,0.8437011895463495
923,Spain,1,0,Portugal,0.8672824395399962
924,Australia,2,1,Portugal,0.8475479821681912
925,Uruguay,1,1,Russia,0.7817022571562859
926,Belgium,1,0,Russia,0.7729155697137431
927,Belgium,0,0,England,0.8552080715305413
928,Tunisia,3,0,England,0.7663485825502525
929,Brazil,2,1,England,0.800869228502828
930,Spain,1,2,France,0.7855657977187941
931,Brazil,1,0,France,0.7828539771474783
932,France,2,4,Russia,0.7361835974524485
933,England,0,1,Morocco,0.8096810378563707
934,France,2,2,Morocco,0.8343553900488769
935,Spain,1,2,Switzerland,0.8080539455135812
936,Senegal,0,1,France,0.7850150596341977
937,Brazil,1,0,France,0.7828121072958121
938,Spain,1,1,Poland,0.7729658135357427
939,England,1,2,Sweden,0.7767539883652514
940,England,0,0,Senegal,0.7866505259473204
941,Belgium,0,0,Switzerland,0.7532146082232711
942,England,2,0,Switzerland,0.7937682511954075
943,France,4,1,Switzerland,0.8458622720330689
944,Sweden,1,0,Switzerland,0.8552164455008746
945,Japan,0,1,Brazil,0.8042406487730727
946,Russia,1,0,Brazil,0.7657894704953228
947,Belgium,0,1,Brazil,0.8409140032420344
948,Portugal,1,0,Brazil,0.8272879086227894
949,Argentina,1,3,England,0.7828372292068118
950,Belgium,0,3,England,0.8409223772123676
951,France,1,1,Germany,0.8261529365722635
952,Spain,1,0,Germany,0.7872096380022501
953,England,3,2,Germany,0.7619677997844809
954,Brazil,0,0,Switzerland,0.7741091595566019
955,Germany,2,0,Switzerland,0.8074948334586516
956,Brazil,3,2,Switzerland,0.7805840330464267
957,Belgium,1,1,France,0.7987667638084415
958,France,1,0,France,0.7849983116935311
959,France,0,0,Germany,0.8530051191921557
960,Belgium,3,4,Brazil,0.7608830715559547
961,Argentina,0,1,Brazil,0.6758871231381738
962,Germany,1,1,England,0.7823116130332152
963,Portugal,2,0,England,0.8634272729478213
964,Morocco,1,4,Belgium,0.8025298167269506
965,Peru,1,0,Belgium,0.7954120914788635
966,Brazil,3,0,Belgium,0.7531894863122713
967,Tunisia,1,2,Brazil,0.7707628611973569
968,Argentina,2,1,Brazil,0.8661809633708033
969,Brazil,2,3,Switzerland,0.75646879290885
970,Sweden,0,2,France,0.7542742145407977
971,Germany,2,0,France,0.7625352858097438
972,Croatia,3,1,France,0.8743917908177501
973,Senegal,3,2,France,0.7795495486398998
974,Brazil,0,1,Uruguay,0.851369652879033
975,Germany,0,1,Brazil,0.7943441111910037
976,Belgium,8,0,Brazil,0.7510200298552188
977,Belgium,1,1,France,0.7043915200118552
978,Iceland,1,0,France,0.7866254040363206
979,Switzerland,0,0,Russia,0.8639780110324177
980,Uruguay,1,0,Russia,0.7707544872270238
981,Brazil,1,3,Japan,0.7981406599908458
982,Brazil,1,1,England,0.8009027243841611
983,Portugal,1,0,England,0.8448026657155423
984,Belgium,4,1,England,0.7564939148198497
985,France,3,0,England,0.7476653575256407
986,Brazil,2,0,England,0.8573942759282605
987,England,1,0,England,0.794861353394267
988,Peru,1,1,Panama,0.7844308256682682
989,Sweden,1,0,Panama,0.8234076201196148
990,Brazil,0,0,England,0.79596282956346
991,Switzerland,0,1,Brazil,0.8442268057199461
992,Spain,0,2,Belgium,0.7000107372460836
993,Argentina,1,2,France,0.7855909196297939
994,Spain,0,4,Croatia,0.8283893847919823
995,Germany,1,1,Switzerland,0.7696362631171644
996,France,1,1,Argentina,0.8069022255223888
997,Brazil,1,1,Portugal,0.8513947747900328
998,Brazil,0,0,Switzerland,0.8162396510495281
999,Russia,1,0,Switzerland,0.7795160527585668
1000,Argentina,1,0,Switzerland,0.8096726638860374
1001,France,1,0,Switzerland,0.7992421361600386
1002,Brazil,2,0,Switzerland,0.7811431451013563
1003,Spain,1,1,Mexico,0.809121925801441
1004,Uruguay,2,1,Mexico,0.8480568504011212
1005,France,4,0,Mexico,0.7789904365849702
1006,Belgium,1,0,Mexico,0.8151549228210018
1007,Portugal,1,3,Iran,0.8392952848695782
1008,Uruguay,1,0,Iran,0.744386050929062
1009,Spain,0,2,Belgium,0.7992588841007051
1010,Argentina,1,4,Sweden,0.8256105724580004
1011,Argentina,1,4,Serbia,0.8508272887647699
1012,Russia,0,1,France,0.8025298167269506
1013,England,1,2,Spain,0.8458622720330689
1014,Brazil,1,1,Belgium,0.8316100735962282
1015,Uruguay,0,2,Peru,0.7537569723375342
1016,Belgium,2,1,Peru,0.7126274693698016
1017,Brazil,2,2,Argentina,0.8321608116808246
1018,Portugal,2,2,Tunisia,0.7779057083564439
1019,Portugal,0,0,Spain,0.7899214585735659
1020,England,3,0,Spain,0.7252107056121866
1021,England,2,1,Spain,0.7822781171518821
1022,Argentina,1,0,Spain,0.7663234606392526
1023,Belgium,2,0,Spain,0.846972122172595
1024,Brazil,1,0,Spain,0.7816855092156194
1025,Spain,1,0,Spain,0.8507937928834368
1026,Australia,2,0,Spain,0.7175171203685033
1027,Brazil,1,1,Spain,0.871671596276101
1028,Uruguay,1,1,Russia,0.8266869267161934
1029,France,1,1,England,0.8201199395527028
1030,Uruguay,2,1,England,0.8332622878500173
1031,Nigeria,1,2,France,0.78670076976932
1032,Belgium,3,1,France,0.8815262640065036
1033,England,1,0,France,0.7504692917706223
1034,Portugal,0,2,Poland,0.8025298167269506
1035,Belgium,1,3,Portugal,0.7959544555931266
1036,Portugal,0,0,Australia,0.8782302094692584
1037,Argentina,0,0,Spain,0.7597648474460953
1038,Brazil,2,1,Spain,0.8316100735962282
1039,Germany,0,1,Switzerland,0.7663234606392526
1040,Argentina,0,4,France,0.7564855408495166
1041,England,0,3,Belgium,0.7674249368084455
1042,Germany,2,2,Russia,0.8414731152969641
1043,Switzerland,1,2,France,0.8924991558467656
1044,Uruguay,2,0,France,0.8091805435937739
1045,England,0,1,Belgium,0.7756608861663918
1046,England,0,0,Sweden,0.8069189734630553
1047,Brazil,1,1,Belgium,0.8069692172850549
1048,France,0,0,England,0.8316100735962282
1049,Switzerland,2,2,England,0.7921495328229513
1050,England,1,2,Sweden,0.8261529365722635
1051,Sweden,1,3,France,0.7625687816910769
1052,Switzerland,0,2,Iran,0.8381938087003853
1053,Sweden,0,1,Germany,0.7591722395098326
1054,Brazil,1,0,Germany,0.7739919239719362
1055,Brazil,1,2,Germany,0.7603490814120247
1056,Belgium,2,1,Germany,0.7614170616998845
1057,Sweden,2,1,Germany,0.697774289026365
1058,Brazil,0,0,Mexico,0.7927002709075477
1059,Uruguay,1,1,Iran,0.7592559792131651
1060,Croatia,0,1,England,0.7532062342529378
1061,Brazil,0,1,England,0.7652471063810595
1062,Uruguay,0,1,France,0.7285151341197651
1063,England,2,0,France,0.7630357800723406
1064,Belgium,2,2,England,0.8552080715305413
1065,Portugal,1,2,Iran,0.8096810378563707
1066,Croatia,2,1,Iran,0.7263456776627124
1067,Spain,0,2,Portugal,0.8513529049383665
1068,Spain,0,1,Nigeria,0.7707293653160239
1069,Brazil,1,0,Nigeria,0.8623174228082952
1070,Russia,2,0,Nigeria,0.7690855250325679
1071,Portugal,2,2,France,0.7542825885111308
1072,Spain,0,3,Brazil,0.724651593557257
1073,England,2,4,Belgium,0.7904889445988288
1074,Portugal,1,2,Spain,0.8151549228210018
1075,Russia,2,1,Spain,0.8508272887647699
1076,Portugal,1,1,Iceland,0.850259802739507
1077,England,1,0,Iceland,0.829423869198509
1078,Belgium,1,0,Iceland,0.8294154952281757
1079,France,0,0,Poland,0.823382498208615
1080,South Korea,0,1,Brazil,0.8305504672787016
1081,Senegal,4,3,Brazil,0.8217302839548257
1082,Poland,0,1,Croatia,0.8080371975729147
1083,Brazil,2,0,Croatia,0.7635865181569371
1084,Tunisia,1,2,Brazil,0.7531978602826046
1085,Belgium,2,2,England,0.8601395923809093
1086,Portugal,0,1,France,0.8124514762200192
1087,Peru,2,1,France,0.7707544872270238
1088,Argentina,3,0,France,0.8348977541631402
1089,Brazil,0,0,Japan,0.760357455382358
1090,France,4,2,Japan,0.7285318820604316
1091,Switzerland,3,2,Japan,0.7685766567996379
1092,Peru,1,0,Japan,0.7893707204889694
1093,Portugal,0,1,Belgium,0.8255854505470006
1094,Belgium,2,0,Belgium,0.8283307669996494
1095,Portugal,0,1,Brazil,0.7559180548242537
1096,Spain,1,2,England,0.7340560108470623
1097,England,0,0,Sweden,0.7362589631854479
1098,Brazil,0,0,Germany,0.7334717768811327
1099,Belgium,2,0,Germany,0.8086214315388442
1100,Russia,2,0,Germany,0.7520880101430785
1101,Brazil,1,1,Russia,0.7959712035337931
1102,Russia,4,2,Russia,0.778448072470707
1103,France,3,3,England,0.8097061597673705
1104,Belgium,0,0,Portugal,0.7350904952535889
1105,England,1,2,Mexico,0.7268126760439763
1106,France,1,0,Mexico,0.8848223185437488
1107,Brazil,1,1,France,0.7581293811329726
1108,Serbia,0,2,Switzerland,0.7559431767352534
1109,England,2,1,Switzerland,0.7553673167396572
1110,Brazil,3,5,Nigeria,0.798149033961179
1111,France,2,0,Nigeria,0.8447691698342092
1112,Spain,0,0,Morocco,0.8442268057199461
1113,Portugal,0,2,Brazil,0.8294154952281757
1114,France,2,0,Brazil,0.7405392583072203
1115,Spain,0,2,Portugal,0.7548249526253941
1116,Belgium,0,2,Spain,0.822815012183352
1117,France,1,0,Spain,0.7976150438172491
1118,Spain,2,5,Sweden,0.751061899706885
1119,Belgium,2,0,Sweden,0.7416574824170796
1120,Peru,2,0,Sweden,0.7038240339865922
1121,Tunisia,3,1,Sweden,0.817916987214317
1122,Belgium,0,0,Peru,0.7515372720584821
1123,Switzerland,1,2,Brazil,0.7076959485194336
1124,Belgium,1,3,Portugal,0.8178918653033174
1125,Portugal,2,2,Uruguay,0.8157056609055982
1126,France,3,0,Uruguay,0.7592643531834984
1127,Portugal,1,0,Uruguay,0.7697116288501638
1128,Croatia,2,3,Mexico,0.7713052253116202
1129,Nigeria,1,2,France,0.8102401499113003
1130,Belgium,0,1,Portugal,0.8716632223057676
1131,France,2,0,Portugal,0.7767539883652514
1132,Belgium,1,4,Peru,0.8387361728146485
1133,Croatia,1,3,Sweden,0.8398795188355076
1134,Brazil,3,0,Sweden,0.7910396826834252
1135,Peru,2,1,Sweden,0.777847090564111
1136,Spain,0,0,Iceland,0.8201199395527028
1137,England,0,0,Croatia,0.7751185220521288
1138,France,1,0,Croatia,0.768518039007305
1139,Brazil,3,5,Switzerland,0.7427505846159392
1140,France,3,0,Switzerland,0.7444279207807283
1141,Iran,0,0,England,0.7894377122516356
1142,Portugal,2,1,England,0.8289066269952456
1143,Brazil,2,0,England,0.8112997562288269
1144,Brazil,5,0,England,0.8815346379768368
1145,Brazil,2,1,England,0.8124012323980198
1146,Argentina,1,2,Uruguay,0.7318195626273436
1147,Peru,0,1,Brazil,0.7729406916247429
1148,Germany,0,2,France,0.8195357055867734
1149,Spain,0,3,France,0.711500871289609
1150,Switzerland,0,2,Iran,0.7822864911222154
1151,England,2,1,Iran,0.720796426965082
1152,Brazil,2,4,Sweden,0.8376681925267887
1153,Brazil,1,3,Switzerland,0.831067709481965
1154,Germany,2,2,Russia,0.7679924228337085
1155,Spain,1,1,Poland,0.7893790944593027
1156,Croatia,0,1,Uruguay,0.7761948763103218
1157,Germany,0,2,Iran,0.7329294127668696
1158,Spain,0,2,England,0.8195524535274399
1159,Portugal,2,2,France,0.8732903146485571
1160,Portugal,1,0,France,0.8020209484940204
1161,Sweden,1,2,Germany,0.7608412017042883
1162,Spain,0,1,Argentina,0.8211879198405625
1163,England,2,0,Argentina,0.7696613850281642
1164,England,0,1,Brazil,0.7504692917706223
1165,Belgium,1,1,Switzerland,0.809121925801441
1166,Portugal,0,0,Switzerland,0.8217972757174918
1167,Brazil,1,1,France,0.7893707204889694
1168,England,2,0,France,0.8809922738625737
1169,Poland,1,0,France,0.7476821054663072
1170,Mexico,1,0,France,0.819619445290106
1171,Portugal,0,1,Spain,0.8129519704826161
1172,Brazil,0,0,Russia,0.7954037175085302
1173,Switzerland,2,0,Russia,0.839353902661911
1174,Switzerland,3,4,Brazil,0.8343637640192103
1175,Portugal,0,1,South Korea,0.7883194881417761
1176,Uruguay,2,1,South Korea,0.7806007809870932
1177,Brazil,1,0,South Korea,0.7762451201323214
1178,France,2,0,South Korea,0.8167987631044578
1179,Brazil,3,0,South Korea,0.7592727271538317
1180,France,1,0,South Korea,0.8656134773455404
1181,Peru,2,0,South Korea,0.8255603286360009
1182,Belgium,0,4,Senegal,0.8217470318954923
1183,Argentina,1,2,France,0.689521591727752
1184,Switzerland,1,0,France,0.7734746817686728
1185,Spain,0,2,Belgium,0.7657810965249896
1186,England,2,3,Switzerland,0.7592141093614988
1187,Spain,1,0,Switzerland,0.7981657819018455
1188,France,1,0,Switzerland,0.767475180630445
1189,Germany,3,2,Switzerland,0.8371007065015257
1190,Uruguay,0,0,Poland,0.8683755417388557
1191,Portugal,4,1,Poland,0.8327199237357543
1192,Belgium,0,0,Switzerland,0.7461471267971835
1193,Belgium,2,2,England,0.7724318233918128
1194,Belgium,2,0,England,0.8376514445861222
1195,Spain,0,0,Morocco,0.8239248623228781
1196,Spain,1,3,Brazil,0.7916155426790215
1197,France,1,0,Brazil,0.8497509345065768
1198,Mexico,2,1,Brazil,0.790497318569162
1199,Sweden,1,2,South Korea,0.7499520495673588
1200,Belgium,2,0,South Korea,0.8222810220394221
1201,Argentina,3,1,South Korea,0.7998012482149683
1202,Tunisia,0,2,Mexico,0.826136188631597
1203,France,0,0,England,0.7526303742573417
1204,Brazil,3,2,England,0.8096726638860374
1205,Belgium,0,1,Nigeria,0.8239332362932114
1206,France,2,1,Nigeria,0.783413089202408
1207,Sweden,3,0,Nigeria,0.7510451517662184
1208,Croatia,0,4,Spain,0.7608830715559547
1209,Belgium,3,0,Spain,0.7685264129776384
1210,Spain,0,2,Belgium,0.76257715566141
1211,Nigeria,2,3,Croatia,0.8311263272742979
1212,France,2,2,Morocco,0.8552248194712079
1213,Belgium,1,1,Portugal,0.814654428558405
1214,Russia,2,0,Portugal,0.8360159782729994
1215,Germany,2,2,Russia,0.8349479979851396
1216,France,1,1,Germany,0.697774289026365
1217,Poland,5,2,Germany,0.7669160685755153
1218,Brazil,0,1,Belgium,0.8491750745109806
1219,Spain,0,2,Belgium,0.8859321686832748
1220,France,1,0,Belgium,0.8387445467849817
1221,France,3,3,England,0.8267120486271933
1222,Portugal,0,0,Switzerland,0.7367259615667117
1223,Brazil,1,0,Switzerland,0.8042490227434059
1224,Spain,2,3,Croatia,0.8776962193253285
1225,Saudi Arabia,1,2,Belgium,0.8080371975729147
1226,Argentina,2,3,France,0.7861332837440571
1227,Spain,0,1,England,0.8420489752925602
1228,Belgium,4,1,England,0.7603072115603584
1229,Russia,1,0,England,0.8409474991233674
1230,Argentina,0,4,France,0.7817190050969525
1231,England,2,0,France,0.7060521082359776
1232,England,3,1,France,0.8003687342402312
1233,Germany,5,1,France,0.8086381794795108
1234,Sweden,2,1,France,0.7285570039714313
1235,France,1,0,France,0.7981406599908458
1236,Spain,1,1,Mexico,0.7433683144632017
1237,Brazil,1,0,Mexico,0.6692698921526836
1238,Brazil,0,1,France,0.8234411160009478
1239,Switzerland,1,1,Uruguay,0.8354568662180697
1240,Switzerland,3,1,Uruguay,0.7976401657282489
1241,Brazil,0,0,Senegal,0.8189933414725101
1242,Belgium,0,1,Peru,0.7652722282920594
1243,Belgium,2,1,Peru,0.7801086606948295
1244,England,1,0,Peru,0.8151549228210018
1245,France,1,1,Germany,0.8218056496878251
1246,Belgium,1,0,Germany,0.7839387053760046
1247,Argentina,3,4,Uruguay,0.7263540516330457
1248,Brazil,2,1,Uruguay,0.7455628928312541
1249,France,0,0,Peru,0.7307515823394837
1250,Brazil,2,1,Peru,0.8590464901820497
1251,Russia,2,1,Peru,0.8145958107660721
1252,Brazil,2,0,Peru,0.819560827497773
1253,Portugal,1,0,Peru,0.8058174972938625
1254,Spain,0,2,Belgium,0.7871845160912503
1255,Portugal,1,2,France,0.8458706460034021
1256,Germany,3,2,France,0.8409893689750337
1257,Spain,1,0,France,0.7625436597800771
1258,Brazil,1,0,France,0.7877687500571797
1259,Japan,0,2,Belgium,0.8261445626019304
1260,Belgium,1,1,England,0.7718140935445502
1261,Uruguay,2,0,England,0.7998347440963013
1262,Spain,1,0,England,0.8420489752925602
1263,France,2,0,England,0.7745929058785321
1264,Uruguay,2,0,England,0.7926835229668812
1265,Spain,1,2,France,0.7131530855433983
1266,Spain,0,1,Iran,0.7789988105553034
1267,Belgium,1,1,England,0.8201115655823694
1268,Brazil,1,1,England,0.7614254356702177
1269,Peru,2,1,England,0.7690771510622347
1270,Spain,3,0,England,0.7927002709075477
1271,Uruguay,1,0,England,0.7778638385047776
1272,Brazil,2,0,England,0.7702623669347601
1273,Switzerland,1,0,England,0.7570446529044462
1274,Belgium,2,4,England,0.7378358117062378
1275,England,0,0,Croatia,0.7948781013349336
1276,France,2,2,Morocco,0.8272627867117897
1277,Portugal,2,2,Argentina,0.7493678156014294
1278,Belgium,2,1,Argentina,0.7109585071753459
1279,Uruguay,5,0,Argentina,0.6901309476046813
1280,Brazil,1,0,Argentina,0.7576288868703757
1281,Brazil,1,1,Morocco,0.845328281889139
1282,Spain,1,1,Poland,0.7690771510622347
1283,England,1,1,Russia,0.8261278146612637
1284,Spain,2,3,Switzerland,0.8365667163575958
1285,Peru,1,0,Switzerland,0.8135110825375458
1286,Belgium,0,0,Switzerland,0.7471648632630438
1287,Brazil,3,1,Switzerland,0.752104758083745
1288,Brazil,3,4,Belgium,0.7367259615667117
1289,England,1,1,Russia,0.7509949079442189
1290,England,0,3,Morocco,0.7861081618330572
1291,Germany,0,0,Panama,0.8376849404674552
1292,Switzerland,0,1,Brazil,0.7888953481373724
1293,Brazil,0,2,Portugal,0.8431839473430861
1294,Uruguay,0,3,France,0.7690855250325679
1295,France,1,0,France,0.7866086560956541
1296,Switzerland,1,4,Brazil,0.7471648632630438
1297,Senegal,0,1,France,0.8107825140255636
1298,Spain,1,2,France,0.7894460862219688
1299,England,2,4,Belgium,0.8382273045817183
1300,England,0,1,Morocco,0.7526638701386748
1301,Germany,4,1,Morocco,0.8705533721662416
1302,France,1,1,Germany,0.8041736570104066
1303,Belgium,0,3,England,0.7510200298552188
1304,Sweden,2,3,Portugal,0.798182529842512
1305,Spain,0,4,Brazil,0.8590129943007168
1306,Portugal,1,0,Brazil,0.7745929058785321
1307,Belgium,2,1,Brazil,0.8151967926726681
1308,Brazil,1,2,England,0.8020042005533539
1309,Uruguay,1,1,Russia,0.7702204970830939
1310,Germany,4,2,Russia,0.737810689795238
1311,England,0,2,Iran,0.8628597869225583
1312,Brazil,2,2,Spain,0.7975815479359161
1313,France,2,0,Spain,0.8058761150861954
1314,Spain,0,1,England,0.809722907708037
1315,Spain,0,4,England,0.8189765935318437
1316,Switzerland,1,1,Poland,0.7943357372206704
1317,England,0,2,Argentina,0.7712466075192874
1318,Brazil,4,2,Argentina,0.8590213682710499
1319,Spain,2,4,Brazil,0.7713052253116202
1320,Peru,2,0,Brazil,0.7433264446115355
1321,Belgium,0,0,Switzerland,0.7592308573021653
1322,Spain,0,0,Iceland,0.7652554803513929
1323,Sweden,3,0,Iceland,0.7548584485067271
1324,France,1,2,England,0.7751352699927953
1325,Croatia,0,0,Nigeria,0.752705739990341
1326,Costa Rica,4,1,Nigeria,0.6873772571816992
1327,Spain,0,1,Switzerland,0.7690604031215682
1328,Portugal,6,1,Switzerland,0.7581796249549722
1329,England,2,0,Switzerland,0.7526722441090079
1330,Spain,2,3,Sweden,0.794318989280004
1331,Switzerland,2,2,Argentina,0.7877352541758467
1332,France,0,0,Uruguay,0.8119174860760894
1333,Brazil,2,2,Portugal,0.7527141139606742
1334,France,0,0,Switzerland,0.7504023000079563
1335,France,1,0,Switzerland,0.8617918066346986
1336,Brazil,2,2,Switzerland,0.8315933256555617
1337,Brazil,1,0,Switzerland,0.7745677839675323
1338,Portugal,1,1,Croatia,0.798149033961179
1339,Brazil,1,0,Croatia,0.7828456031771451
1340,Australia,0,0,Iran,0.877145481240732
1341,England,0,0,Sweden,0.7351407390755886
1342,Nigeria,0,2,Serbia,0.8272209168601233
1343,Uruguay,0,1,Russia,0.8579701359238567
1344,Spain,4,0,Russia,0.7554008126209902
1345,Peru,1,0,Russia,0.8200864436713697
1346,Brazil,1,0,Russia,0.7959460816227933
1347,Brazil,1,0,Russia,0.7746096538191987
1348,Uruguay,2,1,Russia,0.7520796361727452
1349,Switzerland,1,0,Russia,0.8552080715305413
1350,Portugal,0,2,Spain,0.7411067443324832
1351,Brazil,1,3,England,0.8124431022496861
1352,Belgium,1,2,Argentina,0.7899382065142324
1353,England,1,1,Senegal,0.8069608433147216
1354,France,1,0,Senegal,0.7696781329688307
1355,Nigeria,0,1,Belgium,0.7811850149530226
1356,Belgium,3,0,Belgium,0.7586884931879022
1357,Tunisia,2,0,Belgium,0.798182529842512
1358,Switzerland,2,3,Russia,0.7685766567996379
1359,Belgium,0,0,Switzerland,0.8969050605235369
1360,England,1,0,Switzerland,0.8107490181442305
1361,France,2,0,Switzerland,0.8289066269952456
1362,Brazil,1,1,Spain,0.825026338492071
1363,Switzerland,2,4,France,0.7564771668791833
1364,Spain,0,1,Russia,0.7948948492756001
1365,Germany,1,1,Sweden,0.7751436439631285
1366,Germany,0,0,Tunisia,0.8338465218159468
1367,France,6,1,Tunisia,0.7861584056550568
1368,France,1,1,Croatia,0.7872096380022501
1369,Belgium,0,1,Serbia,0.8694518959970488
1370,Portugal,1,3,Brazil,0.6900723298123485
1371,France,3,2,Brazil,0.7460885090048508
1372,Brazil,2,0,Brazil,0.8404051350091042
1373,Switzerland,2,3,England,0.7103993951204162
1374,Argentina,1,1,England,0.8195524535274399
1375,England,0,2,Argentina,0.7367427095073782
1376,Belgium,0,1,Nigeria,0.7449702848949914
1377,Belgium,1,0,Nigeria,0.7636535099196031
1378,Brazil,2,0,Nigeria,0.7334885248217993
1379,Switzerland,0,1,France,0.7779140823267772
1380,Brazil,4,3,France,0.8738745486144865
1381,South Korea,2,0,France,0.7581293811329726
1382,Brazil,2,0,France,0.7087806767479601
1383,Brazil,0,1,Germany,0.8031726684852128
1384,Portugal,1,0,Germany,0.8310928313929649
1385,Brazil,4,1,Germany,0.7361752234821153
1386,France,1,1,Argentina,0.7652722282920594
1387,Argentina,2,1,Argentina,0.7350737473129225
1388,Serbia,0,2,Switzerland,0.8129603444529494
1389,Iceland,3,0,Switzerland,0.8705617461365749
1390,Spain,2,3,Portugal,0.7954455873601964
1391,South Korea,2,0,Portugal,0.7115259932006088
1392,France,0,0,Argentina,0.7812017628936891
1393,Croatia,0,4,Spain,0.7795411746695666
1394,Brazil,0,0,Germany,0.766398826372252
1395,Portugal,2,0,Germany,0.7855992936001271
1396,Russia,2,0,Germany,0.7351742349569216
1397,England,1,2,France,0.7680007968040417
1398,Switzerland,2,3,Germany,0.7838884615540052
1399,Brazil,1,1,Japan,0.7570865227561125
1400,Portugal,0,1,Argentina,0.7789904365849702
1401,Tunisia,0,2,Switzerland,0.8003436123292313
1402,Senegal,2,0,Switzerland,0.8447775438045425
1403,Spain,1,1,Mexico,0.8212465376328955
1404,Sweden,2,1,Mexico,0.8365834642982624
1405,Uruguay,2,1,Mexico,0.8163150167825275
1406,Brazil,1,0,Mexico,0.7493678156014294
1407,Croatia,1,2,Belgium,0.8047327690653362
1408,England,3,0,Belgium,0.7532062342529378
1409,Portugal,3,4,Belgium,0.8003519862995647
1410,Argentina,3,0,Belgium,0.8211962938108959
1411,Croatia,2,0,Belgium,0.8003352383588982
1412,Switzerland,1,1,England,0.7636535099196031
1413,Peru,2,0,England,0.8123844844573531
1414,Switzerland,0,1,Brazil,0.7772963524795147
1415,England,0,2,Belgium,0.820094817641703
1416,Spain,2,3,France,0.8063682353784589
1417,Croatia,4,1,France,0.8151549228210018
1418,Croatia,1,2,Brazil,0.8727395765639607
1419,Spain,1,4,France,0.7970559317623195
1420,Portugal,1,1,England,0.7916155426790215
1421,Brazil,0,0,Spain,0.7882608703494434
1422,Brazil,5,0,Spain,0.78774362814618
1423,Uruguay,2,0,Spain,0.8700528779036447
1424,Nigeria,0,1,Argentina,0.8366002122389289
1425,Belgium,2,0,Argentina,0.7959460816227933
1426,France,2,0,Argentina,0.8283056450886497
1427,Switzerland,1,3,Brazil,0.79542883941953
1428,Brazil,2,0,Brazil,0.7307515823394837
1429,Portugal,0,4,England,0.7608579496449548
1430,Spain,0,2,Belgium,0.8579450140128568
1431,Croatia,1,2,England,0.8815346379768368
1432,Brazil,0,0,Senegal,0.7740002979422694
1433,Croatia,1,3,Brazil,0.7400638859556232
1434,Peru,2,1,Brazil,0.7915569248866886
1435,Belgium,0,0,Saudi Arabia,0.7899214585735659
1436,Belgium,2,0,Saudi Arabia,0.804791386857669
1437,Switzerland,0,2,Iran,0.7295747404372916
1438,Belgium,2,3,England,0.7827953593551455
1439,Portugal,1,0,England,0.8146376806177384
1440,France,1,1,Australia,0.7597815953867617
1441,Poland,0,0,Uruguay,0.7745426620565325
1442,Brazil,2,0,Uruguay,0.7927170188482142
1443,Russia,3,1,Uruguay,0.7937766251657408
1444,Spain,3,2,Uruguay,0.7926918969372144
1445,Portugal,0,2,Switzerland,0.7087304329259605
1446,England,1,0,Switzerland,0.7778554645344443
1447,Switzerland,2,3,Brazil,0.8502849246505066
1448,France,4,1,Brazil,0.7707042434050242
1449,England,0,0,Sweden,0.8195440795571065
1450,Brazil,3,0,Sweden,0.883720842374556
1451,Argentina,1,0,Sweden,0.7569860351121134
1452,Brazil,6,0,Sweden,0.8074780855179851
1453,Portugal,2,0,Sweden,0.8074780855179851
1454,Portugal,0,1,England,0.7976317917579157
1455,Belgium,2,1,England,0.8245258442294741
1456,Morocco,3,0,England,0.8722055864200309
1457,Brazil,1,0,England,0.7559431767352534
1458,Russia,1,0,England,0.7690604031215682
1459,Uruguay,2,0,England,0.7834214631727413
1460,England,0,1,Brazil,0.680760026196209
1461,Argentina,1,1,England,0.7805840330464267
1462,Belgium,1,3,Portugal,0.7340225149657292
1463,Argentina,0,1,Brazil,0.8146209326770719
1464,Russia,1,0,Brazil,0.8190017154428435
1465,Spain,0,1,Germany,0.8025716865786169
1466,Spain,1,4,Croatia,0.8239667321745444
1467,Portugal,0,1,Brazil,0.767975674893042
1468,Brazil,0,1,Iceland,0.769152516795234
1469,Sweden,0,1,Belgium,0.8222810220394221
1470,Switzerland,2,0,Belgium,0.7805924070167598
1471,Portugal,2,2,France,0.7477239753179734
1472,France,1,1,Spain,0.7899214585735659
1473,Portugal,1,4,Spain,0.8217219099844925
1474,Belgium,0,0,Nigeria,0.7926667750262146
1475,Croatia,1,1,Nigeria,0.7647131162371297
1476,Spain,1,0,Nigeria,0.7822948650925488
1477,Belgium,1,1,England,0.8261110667205973
1478,Sweden,1,4,Russia,0.8436760676353496
1479,England,1,1,Russia,0.7987332679271084
1480,Brazil,0,0,Argentina,0.8118672422540898
1481,England,1,0,Argentina,0.7756608861663918
1482,Senegal,0,1,France,0.8250179645217377
1483,Portugal,2,1,France,0.7525968783760086
1484,South Korea,2,0,France,0.8228401340943519
1485,Belgium,2,0,France,0.7498934317750261
1486,France,3,1,France,0.7504860397112888
1487,Belgium,0,2,Spain,0.8025046948159509
1488,France,5,0,Spain,0.7564604189385167
1489,Brazil,2,1,Spain,0.7910145607724254
1490,France,1,1,Germany,0.8020460704050203
1491,Belgium,0,0,Japan,0.7729406916247429
1492,Switzerland,1,2,Russia,0.865062739260944
1493,Brazil,0,0,Switzerland,0.8058677411158621
1494,Serbia,2,0,Switzerland,0.8255687026063341
1495,Switzerland,1,4,Spain,0.7608830715559547
1496,Brazil,1,1,Belgium,0.7444279207807283
1497,Belgium,2,2,Sweden,0.8080204496322482
1498,Portugal,0,2,England,0.8344056338708765
1499,Switzerland,0,1,Argentina,0.8689011579124524
